,BASEL III T+1,BASEL III T+2,BASEL III T+3,BASEL III T+4
q0,0.5519438870000001,,,
q0q1,0.559302628,,,
q0q2,0.556154067,,,
q0q3,0.5631008820000001,,,
