,BASEL III T+1,BASEL III T+2,BASEL III T+3,BASEL III T+4
q0,0.23922569,,,
q0q1,0.196367641,,,
q0q2,0.235650108,,,
q0q3,0.280217332,,,
