,BASEL III T+1,BASEL III T+2,BASEL III T+3,BASEL III T+4
q0,0.404367101,,,
q0q1,0.45782320600000004,,,
q0q2,0.460848298,,,
q0q3,0.477964237,,,
