,BASEL III T+1,BASEL III T+2,BASEL III T+3,BASEL III T+4
q0,0.262997202,,,
q0q1,0.448380083,,,
q0q2,0.43919747299999995,,,
q0q3,0.453888546,,,
