,BASEL III T+1,BASEL III T+2,BASEL III T+3,BASEL III T+4
q0,0.316534127,,,
q0q1,0.23882952600000001,,,
q0q2,0.30780850600000004,,,
q0q3,0.296992872,,,
