,BASEL III T+1,BASEL III T+2,BASEL III T+3,BASEL III T+4
q0,0.124610764,,,
q0q1,0.059766915,,,
q0q2,0.062233167,,,
q0q3,0.063261162,,,
