,BASEL III T+1,BASEL III T+2,BASEL III T+3,BASEL III T+4
q0,0.091491004,,,
q0q1,0.104323235,,,
q0q2,0.094692317,,,
q0q3,0.09472902300000001,,,
