,BASEL III T+1,BASEL III T+2,BASEL III T+3,BASEL III T+4
q0,0.192524365,,,
q0q1,0.502423827,,,
q0q2,0.577345796,,,
q0q3,0.564874592,,,
