,BASEL III T+1,BASEL III T+2,BASEL III T+3,BASEL III T+4
q0,0.31993046399999997,,,
q0q1,0.41020945299999995,,,
q0q2,0.459448831,,,
q0q3,0.437344969,,,
