,BASEL III T+1,BASEL III T+2,BASEL III T+3,BASEL III T+4
q0,0.601979423,,,
q0q1,0.528265773,,,
q0q2,0.524269055,,,
q0q3,0.52970164,,,
