,BASEL III T+1,BASEL III T+2,BASEL III T+3,BASEL III T+4
q0,0.535295614,,,
q0q1,0.48249846799999996,,,
q0q2,0.514538384,,,
q0q3,0.545566621,,,
