,BASEL III T+1,BASEL III T+2,BASEL III T+3,BASEL III T+4
q0,0.37694218700000004,,,
q0q1,0.435792901,,,
q0q2,0.41585434,,,
q0q3,0.484664319,,,
