,BASEL III T+1,BASEL III T+2,BASEL III T+3,BASEL III T+4
q0,0.0588383217966653,0.05924881214936972,0.05978856812814744,0.06044929618525871
q0q1,0.10081536187963848,0.1070322275333199,0.12055415248217292,0.128326478427887
q0q2,0.10967127460783242,0.1391892553193278,0.1528738121384548,0.15061082778976567
q0q3,0.17328361538657172,0.17490813200833585,0.1787918595820688,0.17081888006731716
