,BASEL III T+1,BASEL III T+2,BASEL III T+3,BASEL III T+4
q0,0.212986333,,,
q0q1,0.08633556199999999,,,
q0q2,0.171184695,,,
q0q3,0.217605448,,,
