,BASEL III T+1,BASEL III T+2,BASEL III T+3,BASEL III T+4
q0,0.143817484,,,
q0q1,0.32280909,,,
q0q2,0.398734789,,,
q0q3,0.394573026,,,
