,BASEL III T+1,BASEL III T+2,BASEL III T+3,BASEL III T+4
q0,0.262059942,,,
q0q1,0.37261695200000006,,,
q0q2,0.37681217100000003,,,
q0q3,0.375670929,,,
