,BASEL III T+1,BASEL III T+2,BASEL III T+3,BASEL III T+4
q0,0.329844576,,,
q0q1,0.457264306,,,
q0q2,0.449420947,,,
q0q3,0.477852402,,,
