,BASEL III T+1,BASEL III T+2,BASEL III T+3,BASEL III T+4
q0,0.381938881,,,
q0q1,0.290280224,,,
q0q2,0.307477398,,,
q0q3,0.41683553700000003,,,
