,BASEL III T+1,BASEL III T+2,BASEL III T+3,BASEL III T+4
q0,0.286312892,,,
q0q1,0.34256082,,,
q0q2,0.339148578,,,
q0q3,0.35208168700000003,,,
