,BASEL III T+1,BASEL III T+2,BASEL III T+3,BASEL III T+4
q0,0.10633326900000001,,,
q0q1,0.056455548,,,
q0q2,0.060948873,,,
q0q3,0.06396436700000001,,,
