,BASEL III T+1,BASEL III T+2,BASEL III T+3,BASEL III T+4
q0,0.332031372,,,
q0q1,0.457794328,,,
q0q2,0.449437052,,,
q0q3,0.47812560600000004,,,
