,BASEL III T+1,BASEL III T+2,BASEL III T+3,BASEL III T+4
q0,0.4070921724335119,0.3752226891454106,0.337872718518588,0.3358912240925556
q0q1,0.4345945630356326,0.41799676940262015,0.3822016254873597,0.36119217329789344
q0q2,0.44378847748363004,0.4102043727405019,0.39191512285215424,0.3807153486728699
q0q3,0.4019982445396204,0.3959916163448525,0.3868185658456769,0.3778234809379626
