,BASEL III T+1,BASEL III T+2,BASEL III T+3,BASEL III T+4
q0,0.028298549,,,
q0q1,0.013947398,,,
q0q2,0.01594584,,,
q0q3,0.01742912,,,
