,BASEL III T+1,BASEL III T+2,BASEL III T+3,BASEL III T+4
q0,0.520967796,,,
q0q1,0.439782584,,,
q0q2,0.47259682,,,
q0q3,0.50722772,,,
