,BASEL III T+1,BASEL III T+2,BASEL III T+3,BASEL III T+4
q0,0.605423455,,,
q0q1,0.516383594,,,
q0q2,0.49971214399999997,,,
q0q3,0.551614165,,,
