,BASEL III T+1,BASEL III T+2,BASEL III T+3,BASEL III T+4
q0,0.601655126,,,
q0q1,0.516541273,,,
q0q2,0.5151110170000001,,,
q0q3,0.554449938,,,
