,BASEL III T+1,BASEL III T+2,BASEL III T+3,BASEL III T+4
q0,0.034480222000000005,,,
q0q1,0.210769633,,,
q0q2,0.23178357,,,
q0q3,0.233344159,,,
