,BASEL III T+1,BASEL III T+2,BASEL III T+3,BASEL III T+4
q0,0.23442063100000002,,,
q0q1,0.213811146,,,
q0q2,0.214664948,,,
q0q3,0.19129110100000002,,,
