,BASEL III T+1,BASEL III T+2,BASEL III T+3,BASEL III T+4
q0,0.348285004,,,
q0q1,0.320063024,,,
q0q2,0.321508473,,,
q0q3,0.316595907,,,
