,BASEL III T+1,BASEL III T+2,BASEL III T+3,BASEL III T+4
q0,0.369330261,,,
q0q1,0.460011868,,,
q0q2,0.49076743100000003,,,
q0q3,0.47735529600000004,,,
