,BASEL III T+1,BASEL III T+2,BASEL III T+3,BASEL III T+4
q0,0.08838997400000001,,,
q0q1,0.104846638,,,
q0q2,0.059723762,,,
q0q3,0.06231602,,,
