,BASEL III T+1,BASEL III T+2,BASEL III T+3,BASEL III T+4
q0,0.179248883,,,
q0q1,0.077696875,,,
q0q2,0.13194240699999998,,,
q0q3,0.16473987199999998,,,
