,BASEL III T+1,BASEL III T+2,BASEL III T+3,BASEL III T+4
q0,0.229802758,,,
q0q1,0.213609616,,,
q0q2,0.224410628,,,
q0q3,0.256016097,,,
