,BASEL III T+1,BASEL III T+2,BASEL III T+3,BASEL III T+4
q0,0.2129941917370512,0.1874114938948264,0.17784353204015627,0.1816202156560696
q0q1,0.201648539122254,0.1568995441692111,0.14041309096695392,0.12605167382108468
q0q2,0.18065851069570948,0.17573299234278422,0.17951941808293867,0.16249451560238587
q0q3,0.1853305261740869,0.17585526220321576,0.17028464750872646,0.16010510287642424
