,BASEL III T+1,BASEL III T+2,BASEL III T+3,BASEL III T+4
q0,0.479498021,,,
q0q1,0.49927843,,,
q0q2,0.536156352,,,
q0q3,0.54455446,,,
