,BASEL III T+1,BASEL III T+2,BASEL III T+3,BASEL III T+4
q0,0.590816008,,,
q0q1,0.527985079,,,
q0q2,0.531776091,,,
q0q3,0.534400877,,,
