,BASEL III T+1,BASEL III T+2,BASEL III T+3,BASEL III T+4
q0,0.162693574,,,
q0q1,0.13322329,,,
q0q2,0.172991759,,,
q0q3,0.20370614,,,
