,BASEL III T+1,BASEL III T+2,BASEL III T+3,BASEL III T+4
q0,0.443361901,,,
q0q1,0.323741755,,,
q0q2,0.34706919,,,
q0q3,0.38201925700000006,,,
