,BASEL III T+1,BASEL III T+2,BASEL III T+3,BASEL III T+4
q0,0.26045692,,,
q0q1,0.353741284,,,
q0q2,0.370600556,,,
q0q3,0.397381186,,,
