,BASEL III T+1,BASEL III T+2,BASEL III T+3,BASEL III T+4
q0,0.031662294,,,
q0q1,0.108906332,,,
q0q2,0.11348494099999999,,,
q0q3,0.11387134900000001,,,
