,BASEL III T+1,BASEL III T+2,BASEL III T+3,BASEL III T+4
q0,0.374340526,,,
q0q1,0.23243470600000002,,,
q0q2,0.295101135,,,
q0q3,0.319277877,,,
