,BASEL III T+1,BASEL III T+2,BASEL III T+3,BASEL III T+4
q0,0.14483468300000002,,,
q0q1,0.095709316,,,
q0q2,0.133215446,,,
q0q3,0.09342386,,,
