,BASEL III T+1,BASEL III T+2,BASEL III T+3,BASEL III T+4
q0,0.17697678600000002,,,
q0q1,0.15566667,,,
q0q2,0.140917935,,,
q0q3,0.13361214,,,
