,BASEL III T+1,BASEL III T+2,BASEL III T+3,BASEL III T+4
q0,0.39336255,,,
q0q1,0.27190637300000003,,,
q0q2,0.350888324,,,
q0q3,0.386263985,,,
