,BASEL III T+1,BASEL III T+2,BASEL III T+3,BASEL III T+4
q0,0.060765242000000004,,,
q0q1,0.112090475,,,
q0q2,0.115619224,,,
q0q3,0.182047245,,,
