,BASEL III T+1,BASEL III T+2,BASEL III T+3,BASEL III T+4
q0,0.196025483,,,
q0q1,0.080452283,,,
q0q2,0.181202755,,,
q0q3,0.249790509,,,
