,BASEL III T+1,BASEL III T+2,BASEL III T+3,BASEL III T+4
q0,0.19982552,,,
q0q1,0.130133875,,,
q0q2,0.15058319,,,
q0q3,0.16711858400000001,,,
