,BASEL III T+1,BASEL III T+2,BASEL III T+3,BASEL III T+4
q0,0.397347237,,,
q0q1,0.40494689899999997,,,
q0q2,0.438961334,,,
q0q3,0.478168177,,,
