,BASEL III T+1,BASEL III T+2,BASEL III T+3,BASEL III T+4
q0,0.021347913,,,
q0q1,0.20243214,,,
q0q2,0.201298888,,,
q0q3,0.17723424899999998,,,
