,BASEL III T+1,BASEL III T+2,BASEL III T+3,BASEL III T+4
q0,0.443159308,,,
q0q1,0.49018222899999997,,,
q0q2,0.505570702,,,
q0q3,0.46626491700000006,,,
