,BASEL III T+1,BASEL III T+2,BASEL III T+3,BASEL III T+4
q0,0.280891713,,,
q0q1,0.36117000200000005,,,
q0q2,0.359773616,,,
q0q3,0.344024779,,,
